datum,M01AB,M01AE,N02BA,N02BE,N05B,N05C,R03,R06,region,channel,currency,units,data_source,M01AB_value_usd,M01AE_value_usd,N02BA_value_usd,N02BE_value_usd,N05B_value_usd,N05C_value_usd,R03_value_usd,R06_value_usd
2018-01-01,14966.57,35146.27,23705.43,52374.73,10707.4,9127.41,9906.27,10519.64,Northeast US,Total Market,USD,Extended Units,IQVIA MIDAS,127216.0,182761.0,97192.0,356148.0,132772.0,129609.0,282329.0,97833.0
2018-01-08,16117.15,40481.34,28093.01,57653.58,13135.74,10279.37,12045.22,12498.92,Northeast US,Total Market,USD,Extended Units,IQVIA MIDAS,136996.0,210503.0,115181.0,392044.0,162883.0,145967.0,343289.0,116240.0
2018-01-15,16908.74,39546.16,29208.57,65380.04,13669.75,10545.22,13697.0,10369.31,Northeast US,Total Market,USD,Extended Units,IQVIA MIDAS,143724.0,205640.0,119755.0,444584.0,169505.0,149742.0,390364.0,96435.0
2018-01-22,17796.87,41916.71,31413.62,66801.53,12608.42,9838.17,14748.76,11471.1,Northeast US,Total Market,USD,Extended Units,IQVIA MIDAS,151273.0,217967.0,128796.0,454250.0,156344.0,139702.0,420340.0,106681.0
2018-01-29,16763.89,41529.15,28888.94,66841.41,14083.2,10299.97,13795.68,11102.07,Northeast US,Total Market,USD,Extended Units,IQVIA MIDAS,142493.0,215952.0,118445.0,454522.0,174632.0,146260.0,393177.0,103249.0
2018-02-05,17054.34,43875.13,33814.83,74106.01,13554.23,10857.17,14868.13,12040.0,Northeast US,Total Market,USD,Extended Units,IQVIA MIDAS,144962.0,228151.0,138641.0,503921.0,168072.0,154172.0,423742.0,111972.0
2018-02-12,18705.61,44374.3,32639.05,68311.13,13067.79,10117.52,15871.59,12083.62,Northeast US,Total Market,USD,Extended Units,IQVIA MIDAS,158998.0,230746.0,133820.0,464516.0,162041.0,143669.0,452340.0,112378.0
2018-02-19,18428.77,45982.32,33195.23,69055.46,13412.13,10728.36,16675.46,12022.65,Northeast US,Total Market,USD,Extended Units,IQVIA MIDAS,156645.0,239108.0,136100.0,469577.0,166310.0,152343.0,475251.0,111811.0
2018-02-26,17847.16,47991.97,33318.91,73169.11,13718.75,10107.47,16598.72,13160.01,Northeast US,Total Market,USD,Extended Units,IQVIA MIDAS,151701.0,249558.0,136608.0,497550.0,170112.0,143526.0,473064.0,122388.0
2018-03-05,18934.79,46719.57,33318.62,76668.37,13478.07,10789.79,17780.62,14463.91,Northeast US,Total Market,USD,Extended Units,IQVIA MIDAS,160946.0,242942.0,136606.0,521345.0,167128.0,153215.0,506748.0,134514.0
2018-03-12,18529.23,52624.89,37123.79,79071.88,13670.16,10572.12,17623.38,13688.46,Northeast US,Total Market,USD,Extended Units,IQVIA MIDAS,157498.0,273649.0,152208.0,537689.0,169510.0,150124.0,502266.0,127303.0
2018-03-19,18861.62,48333.79,36851.39,79241.01,12919.18,9928.92,18141.57,14805.72,Northeast US,Total Market,USD,Extended Units,IQVIA MIDAS,160324.0,251336.0,151091.0,538839.0,160198.0,140991.0,517035.0,137693.0
2018-03-26,19709.84,48783.8,35733.72,82116.26,13372.28,10926.8,18603.05,14077.05,Northeast US,Total Market,USD,Extended Units,IQVIA MIDAS,167534.0,253676.0,146508.0,558391.0,165816.0,155161.0,530187.0,130917.0
2018-04-02,18425.23,53442.97,36207.17,78902.79,12523.65,10131.92,18312.35,14869.45,Northeast US,Total Market,USD,Extended Units,IQVIA MIDAS,156614.0,277903.0,148449.0,536539.0,155293.0,143873.0,521902.0,138286.0
2018-04-09,18856.15,53365.3,37776.46,86993.72,13042.78,10016.42,17970.86,16369.54,Northeast US,Total Market,USD,Extended Units,IQVIA MIDAS,160277.0,277500.0,154883.0,591557.0,161730.0,142233.0,512170.0,152237.0
2018-04-16,19985.09,53478.29,40536.6,83542.69,12540.45,10301.41,17979.97,17603.01,Northeast US,Total Market,USD,Extended Units,IQVIA MIDAS,169873.0,278087.0,166200.0,568090.0,155502.0,146280.0,512429.0,163708.0
2018-04-23,19893.47,53730.7,38309.69,87157.44,12485.47,10551.6,17731.34,17458.62,Northeast US,Total Market,USD,Extended Units,IQVIA MIDAS,169094.0,279400.0,157070.0,592671.0,154820.0,149833.0,505343.0,162365.0
2018-04-30,21086.99,52747.18,36820.23,85238.0,13284.06,9609.67,17244.55,17592.03,Northeast US,Total Market,USD,Extended Units,IQVIA MIDAS,179239.0,274285.0,150963.0,579618.0,164722.0,136457.0,491470.0,163606.0
2018-05-07,20360.65,51199.14,38319.12,85454.09,13056.98,9892.03,16943.06,18328.66,Northeast US,Total Market,USD,Extended Units,IQVIA MIDAS,173066.0,266236.0,157108.0,581088.0,161907.0,140467.0,482877.0,170457.0
2018-05-14,20129.73,52619.75,38113.42,85423.05,12660.46,9898.63,17632.34,18033.19,Northeast US,Total Market,USD,Extended Units,IQVIA MIDAS,171103.0,273623.0,156265.0,580877.0,156990.0,140561.0,502522.0,167709.0
2018-05-21,22363.72,50990.94,34825.74,84522.67,11673.61,9862.24,16640.35,19684.98,Northeast US,Total Market,USD,Extended Units,IQVIA MIDAS,190092.0,265153.0,142786.0,574754.0,144753.0,140044.0,474250.0,183070.0
2018-05-28,21176.96,53258.66,37715.45,84241.27,11873.32,9527.15,15769.79,20280.98,Northeast US,Total Market,USD,Extended Units,IQVIA MIDAS,180004.0,276945.0,154633.0,572841.0,147229.0,135286.0,449439.0,188613.0
2018-06-04,21418.58,50728.51,37009.53,85058.02,12434.73,9181.92,16003.45,19792.66,Northeast US,Total Market,USD,Extended Units,IQVIA MIDAS,182058.0,263788.0,151739.0,578395.0,154191.0,130383.0,456098.0,184072.0
2018-06-11,20298.23,48816.56,37579.61,80795.98,11750.22,8870.25,15107.7,20089.09,Northeast US,Total Market,USD,Extended Units,IQVIA MIDAS,172535.0,253846.0,154076.0,549413.0,145703.0,125958.0,430569.0,186829.0
2018-06-18,20893.25,48775.39,38345.17,80757.26,12630.22,9084.83,15735.96,20805.75,Northeast US,Total Market,USD,Extended Units,IQVIA MIDAS,177593.0,253632.0,157215.0,549149.0,156615.0,129005.0,448475.0,193493.0
2018-06-25,21282.23,49018.14,36710.94,77039.74,11547.92,8517.95,15079.96,20535.97,Northeast US,Total Market,USD,Extended Units,IQVIA MIDAS,180899.0,254894.0,150515.0,523870.0,143194.0,120955.0,429779.0,190985.0
2018-07-02,20214.38,46298.2,34178.22,79421.38,11303.24,7696.26,14668.34,20884.64,Northeast US,Total Market,USD,Extended Units,IQVIA MIDAS,171822.0,240751.0,140131.0,540065.0,140160.0,109287.0,418048.0,194227.0
2018-07-09,21174.03,44712.38,32284.98,71914.65,10926.55,8862.72,14905.16,22312.3,Northeast US,Total Market,USD,Extended Units,IQVIA MIDAS,179979.0,232504.0,132368.0,489020.0,135489.0,125851.0,424797.0,207504.0
2018-07-16,20247.88,45296.12,35953.67,76630.35,11016.83,8941.77,13690.37,20781.33,Northeast US,Total Market,USD,Extended Units,IQVIA MIDAS,172107.0,235540.0,147410.0,521086.0,136609.0,126973.0,390176.0,193266.0
2018-07-23,20242.28,44053.59,31914.98,69711.99,10773.08,7614.23,13933.14,20610.93,Northeast US,Total Market,USD,Extended Units,IQVIA MIDAS,172059.0,229079.0,130851.0,474042.0,133586.0,108122.0,397094.0,191682.0
2018-07-30,19751.58,41526.34,30924.27,63969.52,11097.01,8055.94,13894.52,20258.04,Northeast US,Total Market,USD,Extended Units,IQVIA MIDAS,167888.0,215937.0,126790.0,434993.0,137603.0,114394.0,395994.0,188400.0
2018-08-06,21282.99,40321.85,29942.72,66130.09,11145.82,8617.07,14670.24,20914.8,Northeast US,Total Market,USD,Extended Units,IQVIA MIDAS,180905.0,209674.0,122765.0,449685.0,138208.0,122362.0,418102.0,194508.0
2018-08-13,19598.74,40256.11,29297.66,61972.53,10258.49,9121.26,15577.36,20025.86,Northeast US,Total Market,USD,Extended Units,IQVIA MIDAS,166589.0,209332.0,120120.0,421413.0,127205.0,129522.0,443955.0,186240.0
2018-08-20,18507.88,36222.81,27979.57,64119.29,9966.39,8320.98,15822.59,19371.22,Northeast US,Total Market,USD,Extended Units,IQVIA MIDAS,157317.0,188359.0,114716.0,436011.0,123583.0,118158.0,450944.0,180152.0
2018-08-27,19571.25,35134.5,26593.9,58272.19,9714.53,8026.51,14813.25,20224.29,Northeast US,Total Market,USD,Extended Units,IQVIA MIDAS,166356.0,182699.0,109035.0,396251.0,120460.0,113976.0,422178.0,188086.0
2018-09-03,17726.08,35206.7,25826.3,57093.93,10851.33,8240.23,14598.33,19831.89,Northeast US,Total Market,USD,Extended Units,IQVIA MIDAS,150672.0,183075.0,105888.0,388239.0,134556.0,117011.0,416052.0,184437.0
2018-09-10,18450.86,35057.02,25727.09,51633.58,10110.39,8855.15,13072.68,18043.29,Northeast US,Total Market,USD,Extended Units,IQVIA MIDAS,156832.0,182297.0,105481.0,351108.0,125369.0,125743.0,372571.0,167803.0
2018-09-17,16517.73,35041.92,24431.96,54056.31,9659.61,8126.2,13555.88,16704.01,Northeast US,Total Market,USD,Extended Units,IQVIA MIDAS,140401.0,182218.0,100171.0,367583.0,119779.0,115392.0,386343.0,155347.0
2018-09-24,16666.24,36217.56,23644.38,47527.89,10952.22,8122.36,13114.57,17989.02,Northeast US,Total Market,USD,Extended Units,IQVIA MIDAS,141663.0,188331.0,96942.0,323190.0,135808.0,115338.0,373765.0,167298.0
2018-10-01,17490.31,34526.2,24175.55,48737.58,12053.72,8311.57,12867.79,16334.38,Northeast US,Total Market,USD,Extended Units,IQVIA MIDAS,148668.0,179536.0,99120.0,331416.0,149466.0,118024.0,366732.0,151910.0
2018-10-08,17605.47,32299.82,23342.44,54197.8,10962.92,8215.26,12754.46,16698.0,Northeast US,Total Market,USD,Extended Units,IQVIA MIDAS,149646.0,167959.0,95704.0,368545.0,135940.0,116657.0,363502.0,155291.0
2018-10-15,16923.26,32164.37,25243.9,53674.75,11492.86,8718.95,12185.64,14350.24,Northeast US,Total Market,USD,Extended Units,IQVIA MIDAS,143848.0,167255.0,103500.0,364988.0,142511.0,123809.0,347291.0,133457.0
2018-10-22,16475.26,30290.17,19921.42,52358.6,11268.23,9395.42,10920.69,15609.67,Northeast US,Total Market,USD,Extended Units,IQVIA MIDAS,140040.0,157509.0,81678.0,356038.0,139726.0,133415.0,311240.0,145170.0
2018-10-29,16132.86,31875.25,24503.49,48522.8,11332.05,9015.84,12133.55,13707.19,Northeast US,Total Market,USD,Extended Units,IQVIA MIDAS,137129.0,165751.0,100464.0,329955.0,140517.0,128025.0,345806.0,127477.0
2018-11-05,15089.93,31508.42,24749.1,51130.81,11981.08,8919.81,10751.16,14418.77,Northeast US,Total Market,USD,Extended Units,IQVIA MIDAS,128264.0,163844.0,101471.0,347690.0,148565.0,126661.0,306408.0,134095.0
2018-11-12,15515.79,32776.65,20798.56,51640.33,11568.5,9033.25,11248.28,13461.61,Northeast US,Total Market,USD,Extended Units,IQVIA MIDAS,131884.0,170439.0,85274.0,351154.0,143449.0,128272.0,320576.0,125193.0
2018-11-19,15610.18,31236.7,23219.42,49178.69,12009.18,8682.44,12129.5,12383.36,Northeast US,Total Market,USD,Extended Units,IQVIA MIDAS,132687.0,162431.0,95200.0,334415.0,148914.0,123291.0,345691.0,115165.0
2018-11-26,16675.51,34036.32,23563.68,57178.49,12210.81,9746.28,10306.55,12321.59,Northeast US,Total Market,USD,Extended Units,IQVIA MIDAS,141742.0,176989.0,96611.0,388814.0,151414.0,138397.0,293737.0,114591.0
2018-12-03,16130.24,36414.04,22758.38,56588.08,11911.32,9515.31,9393.28,12662.44,Northeast US,Total Market,USD,Extended Units,IQVIA MIDAS,137107.0,189353.0,93309.0,384799.0,147700.0,135117.0,267708.0,117761.0
2018-12-10,14594.89,34459.79,24111.07,54937.72,12881.28,9608.46,10830.73,11990.31,Northeast US,Total Market,USD,Extended Units,IQVIA MIDAS,124057.0,179191.0,98855.0,373576.0,159728.0,136440.0,308676.0,111510.0
2018-12-17,16203.51,36237.65,24354.38,57082.6,12489.2,11018.59,11887.45,12058.63,Northeast US,Total Market,USD,Extended Units,IQVIA MIDAS,137730.0,188436.0,99853.0,388162.0,154866.0,156464.0,338792.0,112145.0
2018-12-24,13854.5,33355.7,25459.24,52177.16,10843.0,8849.71,11356.26,11396.34,Northeast US,Total Market,USD,Extended Units,IQVIA MIDAS,117763.0,173450.0,104383.0,354805.0,134453.0,125666.0,323653.0,105986.0
2018-12-31,13763.62,32501.5,25145.45,47722.02,11596.03,8551.33,9920.21,9039.92,Northeast US,Total Market,USD,Extended Units,IQVIA MIDAS,116991.0,169008.0,103096.0,324510.0,143791.0,121429.0,282726.0,84071.0
2019-01-07,15365.82,35762.05,27149.62,56080.48,11420.17,9071.98,11792.97,11389.07,Northeast US,Total Market,USD,Extended Units,IQVIA MIDAS,130609.0,185963.0,111313.0,381347.0,141610.0,128822.0,336100.0,105918.0
2019-01-14,17363.19,40148.03,29882.79,62524.36,13162.0,10677.9,13004.08,11483.79,Northeast US,Total Market,USD,Extended Units,IQVIA MIDAS,147587.0,208770.0,122519.0,425166.0,163209.0,151626.0,370616.0,106799.0
2019-01-21,17532.24,41570.58,28500.45,63726.25,13253.24,10366.42,13893.82,10951.36,Northeast US,Total Market,USD,Extended Units,IQVIA MIDAS,149024.0,216167.0,116852.0,433338.0,164340.0,147203.0,395974.0,101848.0
2019-01-28,16492.14,41406.94,30175.99,67747.45,13870.63,9845.17,16196.12,10853.92,Northeast US,Total Market,USD,Extended Units,IQVIA MIDAS,140183.0,215316.0,123722.0,460683.0,171996.0,139801.0,461589.0,100941.0
2019-02-04,17177.77,44046.65,32358.96,75410.42,13650.35,10794.77,14498.08,11829.7,Northeast US,Total Market,USD,Extended Units,IQVIA MIDAS,146011.0,229043.0,132672.0,512791.0,169264.0,153286.0,413195.0,110016.0
2019-02-11,17964.29,46123.97,31148.7,74373.39,13463.85,10229.94,16199.1,12849.2,Northeast US,Total Market,USD,Extended Units,IQVIA MIDAS,152696.0,239845.0,127710.0,505739.0,166952.0,145265.0,461674.0,119498.0
2019-02-18,18768.27,48970.58,34433.19,73130.25,13901.26,11218.09,16955.72,12545.12,Northeast US,Total Market,USD,Extended Units,IQVIA MIDAS,159530.0,254647.0,141176.0,497286.0,172376.0,159297.0,483238.0,116670.0
2019-02-25,18028.91,49335.0,34095.99,78113.45,14187.94,10922.74,17875.27,14014.86,Northeast US,Total Market,USD,Extended Units,IQVIA MIDAS,153246.0,256542.0,139794.0,531171.0,175930.0,155103.0,509445.0,130338.0
2019-03-04,18588.31,52459.78,34721.77,82132.33,13779.17,10332.0,17773.53,12587.44,Northeast US,Total Market,USD,Extended Units,IQVIA MIDAS,158001.0,272791.0,142359.0,558500.0,170862.0,146714.0,506546.0,117063.0
2019-03-11,18249.35,48584.35,36796.73,82522.38,13486.19,10962.13,18262.65,14017.7,Northeast US,Total Market,USD,Extended Units,IQVIA MIDAS,155119.0,252639.0,150867.0,561152.0,167229.0,155662.0,520486.0,130365.0
2019-03-18,18520.38,52267.2,37120.0,81701.71,12800.82,10458.57,18111.14,13766.59,Northeast US,Total Market,USD,Extended Units,IQVIA MIDAS,157423.0,271789.0,152192.0,555572.0,158730.0,148512.0,516167.0,128029.0
2019-03-25,20334.69,51921.66,36691.31,81119.28,12848.76,10698.95,18632.02,15369.15,Northeast US,Total Market,USD,Extended Units,IQVIA MIDAS,172845.0,269993.0,150434.0,551611.0,159325.0,151925.0,531013.0,142933.0
2019-04-01,21050.49,55976.45,39053.75,85830.24,13124.29,10486.7,18299.49,16289.75,Northeast US,Total Market,USD,Extended Units,IQVIA MIDAS,178929.0,291078.0,160120.0,583646.0,162741.0,148911.0,521535.0,151495.0
2019-04-08,20288.1,51485.72,36653.43,85898.33,12871.6,9895.02,18773.47,16047.51,Northeast US,Total Market,USD,Extended Units,IQVIA MIDAS,172449.0,267726.0,150279.0,584109.0,159608.0,140509.0,535044.0,149242.0
2019-04-15,21355.34,51833.27,39030.44,87893.85,12951.95,9873.98,18016.27,15245.11,Northeast US,Total Market,USD,Extended Units,IQVIA MIDAS,181520.0,269533.0,160025.0,597678.0,160604.0,140211.0,513464.0,141780.0
2019-04-22,21124.58,52485.9,39165.82,87604.81,12932.37,10400.97,18185.65,17625.88,Northeast US,Total Market,USD,Extended Units,IQVIA MIDAS,179559.0,272927.0,160580.0,595713.0,160361.0,147694.0,518291.0,163921.0
2019-04-29,20593.21,50018.61,38098.79,88874.3,13010.87,9764.16,17623.15,18348.05,Northeast US,Total Market,USD,Extended Units,IQVIA MIDAS,175042.0,260097.0,156205.0,604345.0,161335.0,138651.0,502260.0,170637.0
2019-05-06,21517.97,52641.07,38827.04,84535.02,12564.37,9612.2,17923.4,18872.26,Northeast US,Total Market,USD,Extended Units,IQVIA MIDAS,182903.0,273734.0,159191.0,574838.0,155798.0,136493.0,510817.0,175512.0
2019-05-13,22532.36,52031.3,36699.89,89158.57,12665.78,9271.1,16848.39,19916.49,Northeast US,Total Market,USD,Extended Units,IQVIA MIDAS,191525.0,270563.0,150470.0,606278.0,157056.0,131650.0,480179.0,185223.0
2019-05-20,21473.05,53189.59,39116.8,85571.74,12292.17,9659.6,15455.66,18911.87,Northeast US,Total Market,USD,Extended Units,IQVIA MIDAS,182521.0,276586.0,160379.0,581888.0,152423.0,137166.0,440486.0,175880.0
2019-05-27,22722.92,52994.85,37356.61,89782.56,11139.38,10145.06,16838.18,20457.27,Northeast US,Total Market,USD,Extended Units,IQVIA MIDAS,193145.0,275573.0,153162.0,610521.0,138128.0,144060.0,479888.0,190253.0
2019-06-03,19651.26,54917.54,36453.35,81329.19,11463.06,8818.36,15235.41,21156.42,Northeast US,Total Market,USD,Extended Units,IQVIA MIDAS,167036.0,285571.0,149459.0,553038.0,142142.0,125221.0,434209.0,196755.0
2019-06-10,22181.8,52577.91,37825.72,86576.06,11673.64,9097.98,15080.54,19567.52,Northeast US,Total Market,USD,Extended Units,IQVIA MIDAS,188545.0,273405.0,155085.0,588717.0,144753.0,129191.0,429795.0,181978.0
2019-06-17,21580.93,49109.94,34991.16,81012.17,10996.03,9494.14,14865.9,21159.78,Northeast US,Total Market,USD,Extended Units,IQVIA MIDAS,183438.0,255372.0,143464.0,550883.0,136351.0,134817.0,423678.0,196786.0
2019-06-24,21198.26,47563.33,33383.41,77125.95,11706.01,8801.81,15816.58,20815.1,Northeast US,Total Market,USD,Extended Units,IQVIA MIDAS,180185.0,247329.0,136872.0,524456.0,145155.0,124986.0,450773.0,193580.0
2019-07-01,21351.97,48803.0,32401.49,75820.56,12003.97,8886.21,13644.29,21198.73,Northeast US,Total Market,USD,Extended Units,IQVIA MIDAS,181492.0,253776.0,132846.0,515580.0,148849.0,126184.0,388862.0,197148.0
2019-07-08,19641.36,44589.0,34233.03,74385.99,11717.37,8202.17,16616.88,21515.47,Northeast US,Total Market,USD,Extended Units,IQVIA MIDAS,166952.0,231863.0,140355.0,505825.0,145295.0,116471.0,473581.0,200094.0
2019-07-15,20743.79,48657.97,31004.13,74417.58,10907.07,8671.11,15365.0,20951.54,Northeast US,Total Market,USD,Extended Units,IQVIA MIDAS,176322.0,253021.0,127117.0,506040.0,135248.0,123130.0,437902.0,194849.0
2019-07-22,20933.94,46298.45,33851.44,72656.4,11618.05,8351.98,14866.97,20730.12,Northeast US,Total Market,USD,Extended Units,IQVIA MIDAS,177938.0,240752.0,138791.0,494064.0,144064.0,118598.0,423709.0,192790.0
2019-07-29,21499.27,42244.98,28164.21,67660.08,10884.25,8725.91,14705.96,21013.94,Northeast US,Total Market,USD,Extended Units,IQVIA MIDAS,182744.0,219674.0,115473.0,460089.0,134965.0,123908.0,419120.0,195430.0
2019-08-05,19734.59,38870.58,31919.9,67073.11,10580.2,8745.28,14903.73,20058.58,Northeast US,Total Market,USD,Extended Units,IQVIA MIDAS,167744.0,202127.0,130872.0,456097.0,131194.0,124183.0,424756.0,186545.0
2019-08-12,19213.07,42756.77,29162.14,70849.26,10396.47,9236.16,15025.35,19758.14,Northeast US,Total Market,USD,Extended Units,IQVIA MIDAS,163311.0,222335.0,119565.0,481775.0,128916.0,131153.0,428222.0,183751.0
2019-08-19,19118.59,39060.28,27891.75,67766.24,10515.16,8446.31,15052.76,20527.27,Northeast US,Total Market,USD,Extended Units,IQVIA MIDAS,162508.0,203113.0,114356.0,460810.0,130388.0,119938.0,429004.0,190904.0
2019-08-26,19835.84,40157.64,26487.07,62422.26,10464.49,8340.01,14914.62,18942.68,Northeast US,Total Market,USD,Extended Units,IQVIA MIDAS,168605.0,208820.0,108597.0,424471.0,129760.0,118428.0,425067.0,176167.0
2019-09-02,19065.18,34297.2,26861.03,59587.24,10744.26,8296.57,14507.57,19641.92,Northeast US,Total Market,USD,Extended Units,IQVIA MIDAS,162054.0,178345.0,110130.0,405193.0,133229.0,117811.0,413466.0,182670.0
2019-09-09,18093.2,34955.24,25586.56,58181.8,10772.22,8111.2,14148.6,19008.02,Northeast US,Total Market,USD,Extended Units,IQVIA MIDAS,153792.0,181767.0,104905.0,395636.0,133576.0,115179.0,403235.0,176775.0
2019-09-16,18533.2,35061.0,26342.86,58045.54,10749.86,8412.58,13926.09,17070.23,Northeast US,Total Market,USD,Extended Units,IQVIA MIDAS,157532.0,182317.0,108006.0,394710.0,133298.0,119459.0,396894.0,158753.0
2019-09-23,17903.1,34338.28,24541.92,52389.68,11031.2,8225.5,13598.52,17178.09,Northeast US,Total Market,USD,Extended Units,IQVIA MIDAS,152176.0,178559.0,100622.0,356250.0,136787.0,116802.0,387558.0,159756.0
2019-09-30,18240.42,32839.39,24104.44,53377.78,11484.83,8469.99,14021.97,17795.4,Northeast US,Total Market,USD,Extended Units,IQVIA MIDAS,155044.0,170765.0,98828.0,362969.0,142412.0,120274.0,399626.0,165497.0
2019-10-07,16715.5,34116.95,23084.21,48755.93,11478.41,8988.29,13328.84,15813.65,Northeast US,Total Market,USD,Extended Units,IQVIA MIDAS,142082.0,177408.0,94645.0,331540.0,142332.0,127634.0,379872.0,147067.0
2019-10-14,16727.24,30898.87,23186.27,53694.05,10435.07,8198.91,10882.55,15554.46,Northeast US,Total Market,USD,Extended Units,IQVIA MIDAS,142182.0,160674.0,95064.0,365120.0,129395.0,116425.0,310153.0,144656.0
2019-10-21,16441.47,32227.82,23469.1,54000.6,10061.22,9119.13,12573.58,15565.81,Northeast US,Total Market,USD,Extended Units,IQVIA MIDAS,139752.0,167585.0,96223.0,367204.0,124759.0,129492.0,358347.0,144762.0
2019-10-28,15441.33,32599.85,20908.52,50864.56,11886.91,9300.29,11933.35,15206.76,Northeast US,Total Market,USD,Extended Units,IQVIA MIDAS,131251.0,169519.0,85725.0,345879.0,147398.0,132064.0,340100.0,141423.0
2019-11-04,16570.01,33350.22,21411.01,56524.7,10943.57,8876.25,11479.75,14004.9,Northeast US,Total Market,USD,Extended Units,IQVIA MIDAS,140845.0,173421.0,87785.0,384368.0,135700.0,126043.0,327173.0,130246.0
2019-11-11,16407.07,33926.15,24169.14,49420.26,11660.56,8241.87,10998.68,13277.14,Northeast US,Total Market,USD,Extended Units,IQVIA MIDAS,139460.0,176416.0,99093.0,336058.0,144591.0,117035.0,313462.0,123477.0
2019-11-18,16119.21,31239.09,23732.71,49426.42,11380.67,8948.11,11691.12,14104.15,Northeast US,Total Market,USD,Extended Units,IQVIA MIDAS,137013.0,162443.0,97304.0,336100.0,141120.0,127063.0,333197.0,131169.0
2019-11-25,15883.39,31096.67,23670.61,54836.02,11253.85,9804.76,11501.05,13888.54,Northeast US,Total Market,USD,Extended Units,IQVIA MIDAS,135009.0,161703.0,97050.0,372885.0,139548.0,139228.0,327780.0,129163.0
2019-12-02,14992.13,36505.93,24398.51,58149.84,12555.21,9435.97,10524.46,13037.64,Northeast US,Total Market,USD,Extended Units,IQVIA MIDAS,127433.0,189831.0,100034.0,395419.0,155685.0,133991.0,299947.0,121250.0
2019-12-09,15752.01,35733.39,25375.53,61175.65,12833.69,9195.67,11345.96,12160.43,Northeast US,Total Market,USD,Extended Units,IQVIA MIDAS,133892.0,185814.0,104040.0,415994.0,159138.0,130579.0,323360.0,113092.0
2019-12-16,15874.46,34851.89,24927.72,56943.31,12361.51,9510.39,10801.16,11346.9,Northeast US,Total Market,USD,Extended Units,IQVIA MIDAS,134933.0,181230.0,102204.0,387215.0,153283.0,135048.0,307833.0,105526.0
2019-12-23,13691.34,35296.89,22199.62,55561.76,10020.03,8963.83,9525.45,9755.6,Northeast US,Total Market,USD,Extended Units,IQVIA MIDAS,116376.0,183544.0,91018.0,377820.0,124248.0,127286.0,271475.0,90727.0
2019-12-30,14292.01,33879.47,24102.69,54174.55,11134.96,8951.9,10379.3,10529.67,Northeast US,Total Market,USD,Extended Units,IQVIA MIDAS,121482.0,176173.0,98821.0,368387.0,138074.0,127117.0,295810.0,97926.0
2020-01-06,15365.65,37910.17,24226.02,57436.02,12100.81,9046.14,12123.46,10780.82,Northeast US,Total Market,USD,Extended Units,IQVIA MIDAS,130608.0,197133.0,99327.0,390565.0,150050.0,128455.0,345519.0,100262.0
2020-01-13,18166.83,40856.31,29342.6,68030.51,12506.6,9994.42,13963.35,12489.29,Northeast US,Total Market,USD,Extended Units,IQVIA MIDAS,154418.0,212453.0,120305.0,462607.0,155082.0,141921.0,397955.0,116150.0
2020-01-20,17145.54,45503.99,27632.93,69510.42,13414.19,10065.96,14396.42,12119.76,Northeast US,Total Market,USD,Extended Units,IQVIA MIDAS,145737.0,236621.0,113295.0,472671.0,166336.0,142937.0,410298.0,112714.0
2020-01-27,17479.76,46309.77,31941.35,65669.67,13411.08,9931.9,15233.76,10922.94,Northeast US,Total Market,USD,Extended Units,IQVIA MIDAS,148578.0,240811.0,130960.0,446554.0,166297.0,141033.0,434162.0,101583.0
2020-02-03,17530.49,44262.16,32172.1,75985.35,13769.96,10949.42,15827.23,12807.28,Northeast US,Total Market,USD,Extended Units,IQVIA MIDAS,149009.0,230163.0,131906.0,516700.0,170748.0,155482.0,451076.0,119108.0
2020-02-10,16481.43,47613.98,32810.77,77831.56,13602.93,10251.04,15844.9,11808.56,Northeast US,Total Market,USD,Extended Units,IQVIA MIDAS,140092.0,247593.0,134524.0,529255.0,168676.0,145565.0,451580.0,109820.0
2020-02-17,18212.24,48330.17,34592.12,74501.64,13111.5,10858.18,17106.47,12574.56,Northeast US,Total Market,USD,Extended Units,IQVIA MIDAS,154804.0,251317.0,141828.0,506611.0,162583.0,154186.0,487534.0,116943.0
2020-02-24,18616.99,50754.05,36279.25,79195.19,14164.88,10979.76,17886.98,13407.79,Northeast US,Total Market,USD,Extended Units,IQVIA MIDAS,158244.0,263921.0,148745.0,538527.0,175645.0,155913.0,509779.0,124692.0
2020-03-02,29254.04,70285.42,52011.38,117285.67,19616.72,15446.91,26390.65,21175.95,Northeast US,Total Market,USD,Extended Units,IQVIA MIDAS,248659.0,365484.0,213247.0,797543.0,243247.0,219346.0,752134.0,196936.0
2020-03-09,27790.33,74576.67,49521.78,119118.65,19635.69,14865.29,27180.7,22638.7,Northeast US,Total Market,USD,Extended Units,IQVIA MIDAS,236218.0,387799.0,203039.0,810007.0,243483.0,211087.0,774650.0,210540.0
2020-03-16,28650.21,76568.44,51161.06,119159.79,19126.9,15121.63,27274.45,21835.51,Northeast US,Total Market,USD,Extended Units,IQVIA MIDAS,243527.0,398156.0,209760.0,810287.0,237174.0,214727.0,777322.0,203070.0
2020-03-23,28881.6,73030.61,52794.81,120773.48,19259.34,14875.93,27269.03,22166.51,Northeast US,Total Market,USD,Extended Units,IQVIA MIDAS,245494.0,379759.0,216459.0,821260.0,238816.0,211238.0,777167.0,206149.0
2020-03-30,28501.57,75003.97,54290.33,124140.11,18917.37,14437.82,27718.95,23488.02,Northeast US,Total Market,USD,Extended Units,IQVIA MIDAS,242263.0,390021.0,222590.0,844153.0,234575.0,205017.0,789990.0,218439.0
2020-04-06,30643.45,74369.51,55444.75,128659.48,19103.64,14781.25,26957.46,24589.38,Northeast US,Total Market,USD,Extended Units,IQVIA MIDAS,260469.0,386721.0,227323.0,874884.0,236885.0,209894.0,768288.0,228681.0
2020-04-13,30751.61,77931.85,54296.29,127935.43,19829.76,14069.17,26194.22,24691.9,Northeast US,Total Market,USD,Extended Units,IQVIA MIDAS,261389.0,405246.0,222615.0,869961.0,245889.0,199782.0,746535.0,229635.0
2020-04-20,15756.46,40309.17,27756.59,62109.0,8681.2,7582.24,12974.35,13940.5,Northeast US,Total Market,USD,Extended Units,IQVIA MIDAS,133930.0,209608.0,113802.0,422341.0,107647.0,107668.0,369769.0,129647.0
2020-04-27,14653.51,41696.1,26625.74,65286.67,8457.69,6870.13,12399.13,13355.42,Northeast US,Total Market,USD,Extended Units,IQVIA MIDAS,124555.0,216820.0,109166.0,443949.0,104875.0,97556.0,353375.0,124205.0
2020-05-04,16495.38,39250.82,26761.15,55516.32,9823.71,7033.5,12170.54,13925.05,Northeast US,Total Market,USD,Extended Units,IQVIA MIDAS,140211.0,204104.0,109721.0,377511.0,121814.0,99876.0,346860.0,129503.0
2020-05-11,14524.42,41703.11,25652.42,65977.77,8896.97,6970.98,12193.1,14406.95,Northeast US,Total Market,USD,Extended Units,IQVIA MIDAS,123458.0,216856.0,105175.0,448649.0,110322.0,98988.0,347503.0,133985.0
2020-05-18,16072.66,36378.04,26051.12,57805.87,8552.5,6668.47,11530.57,14595.36,Northeast US,Total Market,USD,Extended Units,IQVIA MIDAS,136618.0,189166.0,106810.0,393080.0,106051.0,94692.0,328621.0,135737.0
2020-05-25,17306.96,35457.39,25244.0,60893.19,9247.15,6891.94,11536.76,15172.78,Northeast US,Total Market,USD,Extended Units,IQVIA MIDAS,147109.0,184378.0,103500.0,414074.0,114665.0,97866.0,328798.0,141107.0
2020-06-01,14971.02,37746.69,25363.07,58096.0,8331.62,6390.73,10365.73,14512.16,Northeast US,Total Market,USD,Extended Units,IQVIA MIDAS,127254.0,196283.0,103989.0,395053.0,103312.0,90748.0,295423.0,134963.0
2020-06-08,15273.08,37911.71,27466.7,56706.46,9374.94,6805.92,11368.76,14778.33,Northeast US,Total Market,USD,Extended Units,IQVIA MIDAS,129821.0,197141.0,112613.0,385604.0,116249.0,96644.0,324010.0,137438.0
2020-06-15,15724.34,36552.0,24509.91,62227.62,8703.64,5869.82,11065.09,14613.77,Northeast US,Total Market,USD,Extended Units,IQVIA MIDAS,133657.0,190070.0,100491.0,423148.0,107925.0,83351.0,315355.0,135908.0
2020-06-22,15207.45,32397.75,28425.14,56680.11,8029.22,6339.95,10450.82,15732.54,Northeast US,Total Market,USD,Extended Units,IQVIA MIDAS,129263.0,168468.0,116543.0,385425.0,99562.0,90027.0,297848.0,146313.0
2020-06-29,14333.97,34919.96,25201.0,57573.11,9191.2,6944.81,11207.84,16032.4,Northeast US,Total Market,USD,Extended Units,IQVIA MIDAS,121839.0,181584.0,103324.0,391497.0,113971.0,98616.0,319423.0,149101.0
2020-07-06,19672.79,41527.15,30870.8,70494.99,10003.87,7453.62,14296.39,20181.02,Northeast US,Total Market,USD,Extended Units,IQVIA MIDAS,167219.0,215941.0,126570.0,479366.0,124048.0,105841.0,407447.0,187683.0
2020-07-13,18644.62,43698.53,28762.97,70055.63,10537.22,7487.41,12778.83,20931.99,Northeast US,Total Market,USD,Extended Units,IQVIA MIDAS,158479.0,227232.0,117928.0,476378.0,130662.0,106321.0,364197.0,194668.0
2020-07-20,19561.18,42008.46,29857.06,67081.42,10225.7,7862.62,13254.87,19762.5,Northeast US,Total Market,USD,Extended Units,IQVIA MIDAS,166270.0,218444.0,122414.0,456154.0,126799.0,111649.0,377764.0,183791.0
2020-07-27,18284.9,38614.33,27424.04,61505.48,10624.0,7670.23,13251.41,20034.76,Northeast US,Total Market,USD,Extended Units,IQVIA MIDAS,155422.0,200795.0,112439.0,418237.0,131738.0,108917.0,377665.0,186323.0
2020-08-03,19844.96,38130.08,27438.45,65680.78,10683.13,7683.09,13152.63,18686.01,Northeast US,Total Market,USD,Extended Units,IQVIA MIDAS,168682.0,198276.0,112498.0,446629.0,132471.0,109100.0,374850.0,173780.0
2020-08-10,17833.27,36030.92,29623.52,59781.47,9901.71,7697.54,14164.89,18855.41,Northeast US,Total Market,USD,Extended Units,IQVIA MIDAS,151583.0,187361.0,121456.0,406514.0,122781.0,109305.0,403699.0,175355.0
2020-08-17,17875.74,36556.53,25516.47,55082.32,9496.45,7729.09,13529.93,19211.41,Northeast US,Total Market,USD,Extended Units,IQVIA MIDAS,151944.0,190094.0,104618.0,374560.0,117756.0,109753.0,385603.0,178666.0
2020-08-24,18407.98,37169.26,26283.77,56338.49,10070.06,7900.61,13408.82,18922.42,Northeast US,Total Market,USD,Extended Units,IQVIA MIDAS,156468.0,193280.0,107763.0,383102.0,124869.0,112189.0,382151.0,175979.0
2020-08-31,16582.32,32878.93,23257.63,59848.63,9534.73,7640.55,12272.87,17758.87,Northeast US,Total Market,USD,Extended Units,IQVIA MIDAS,140950.0,170970.0,95356.0,406971.0,118231.0,108496.0,349777.0,165157.0
2020-09-07,17348.53,34434.87,23415.46,56579.47,10856.67,7413.79,13624.67,17430.83,Northeast US,Total Market,USD,Extended Units,IQVIA MIDAS,147463.0,179061.0,96003.0,384740.0,134623.0,105276.0,388303.0,162107.0
2020-09-14,17839.05,31847.17,25052.03,51997.01,10005.03,7796.12,12305.69,16003.39,Northeast US,Total Market,USD,Extended Units,IQVIA MIDAS,151632.0,165605.0,102713.0,353580.0,124062.0,110705.0,350712.0,148832.0
2020-09-21,15382.81,30665.34,21553.03,50802.61,9831.7,8311.45,12778.27,16220.41,Northeast US,Total Market,USD,Extended Units,IQVIA MIDAS,130754.0,159460.0,88367.0,345458.0,121913.0,118023.0,364181.0,150850.0
2020-09-28,16423.03,31197.39,24136.58,49878.46,10180.64,7601.18,12581.7,16476.46,Northeast US,Total Market,USD,Extended Units,IQVIA MIDAS,139596.0,162226.0,98960.0,339174.0,126240.0,107937.0,358578.0,153231.0
2020-10-05,16210.45,29147.59,22416.26,55517.61,9546.45,7355.54,12856.99,15724.04,Northeast US,Total Market,USD,Extended Units,IQVIA MIDAS,137789.0,151567.0,91907.0,377520.0,118376.0,104449.0,366424.0,146234.0
2020-10-12,16350.08,29603.41,20586.57,50408.69,9842.46,8231.92,10940.07,15125.3,Northeast US,Total Market,USD,Extended Units,IQVIA MIDAS,138976.0,153938.0,84405.0,342779.0,122047.0,116893.0,311792.0,140665.0
2020-10-19,14634.89,28310.41,21913.12,50201.26,11013.82,7860.66,9580.9,14293.48,Northeast US,Total Market,USD,Extended Units,IQVIA MIDAS,124397.0,147214.0,89844.0,341369.0,136571.0,111621.0,273056.0,132929.0
2020-10-26,14380.4,33558.76,22281.53,51709.48,10262.26,7184.36,11092.39,13738.68,Northeast US,Total Market,USD,Extended Units,IQVIA MIDAS,122233.0,174506.0,91354.0,351624.0,127252.0,102018.0,316133.0,127770.0
2020-11-02,15582.55,30399.51,21895.69,49725.78,10224.14,8442.42,11723.52,12807.63,Northeast US,Total Market,USD,Extended Units,IQVIA MIDAS,132452.0,158077.0,89772.0,338135.0,126779.0,119882.0,334120.0,119111.0
2020-11-09,15288.73,29393.12,19328.31,48765.55,11140.32,8032.61,11150.04,13204.53,Northeast US,Total Market,USD,Extended Units,IQVIA MIDAS,129954.0,152844.0,79246.0,331606.0,138140.0,114063.0,317776.0,122802.0
2020-11-16,15162.79,31299.58,20623.88,49539.07,11612.66,8320.77,10381.2,12591.7,Northeast US,Total Market,USD,Extended Units,IQVIA MIDAS,128884.0,162758.0,84558.0,336866.0,143997.0,118155.0,295864.0,117103.0
2020-11-23,15179.45,31260.7,21564.45,50702.14,11551.8,8602.2,9892.96,12246.55,Northeast US,Total Market,USD,Extended Units,IQVIA MIDAS,129025.0,162556.0,88414.0,344775.0,143242.0,122151.0,281949.0,113893.0
2020-11-30,14403.58,31718.21,22215.52,51834.7,11848.03,8669.27,10665.97,11254.55,Northeast US,Total Market,USD,Extended Units,IQVIA MIDAS,122430.0,164935.0,91084.0,352476.0,146916.0,123104.0,303980.0,104667.0
2020-12-07,15100.74,33882.88,23598.05,55121.95,11167.55,8985.46,9760.62,9927.86,Northeast US,Total Market,USD,Extended Units,IQVIA MIDAS,128356.0,176191.0,96752.0,374829.0,138478.0,127594.0,278178.0,92329.0
2020-12-14,15205.93,34996.07,23645.89,54728.05,11004.56,8665.78,10838.4,11782.45,Northeast US,Total Market,USD,Extended Units,IQVIA MIDAS,129250.0,181980.0,96948.0,372151.0,136457.0,123054.0,308894.0,109577.0
2020-12-21,14557.9,33802.84,22434.59,58128.54,12556.97,9136.33,11198.15,10610.97,Northeast US,Total Market,USD,Extended Units,IQVIA MIDAS,123742.0,175775.0,91982.0,395274.0,155706.0,129736.0,319147.0,98682.0
2020-12-28,14774.21,30491.77,22307.15,50716.39,10384.47,7860.54,10598.99,8969.36,Northeast US,Total Market,USD,Extended Units,IQVIA MIDAS,125581.0,158557.0,91459.0,344871.0,128767.0,111620.0,302071.0,83415.0
2021-01-04,15408.05,37738.15,25298.23,62062.91,11727.12,9225.1,12824.99,11149.22,Northeast US,Total Market,USD,Extended Units,IQVIA MIDAS,130968.0,196238.0,103723.0,422028.0,145416.0,130996.0,365512.0,103688.0
2021-01-11,15847.09,39431.01,28499.57,64757.76,13797.12,10165.71,13133.04,11479.99,Northeast US,Total Market,USD,Extended Units,IQVIA MIDAS,134700.0,205041.0,116848.0,440353.0,171084.0,144353.0,374292.0,106764.0
2021-01-18,17430.98,42134.86,30022.06,74813.3,13552.78,9668.6,13254.54,12449.27,Northeast US,Total Market,USD,Extended Units,IQVIA MIDAS,148163.0,219101.0,123090.0,508730.0,168054.0,137294.0,377754.0,115778.0
2021-01-25,16471.68,48401.13,30618.85,75599.57,13614.88,10516.85,14230.31,12278.66,Northeast US,Total Market,USD,Extended Units,IQVIA MIDAS,140009.0,251686.0,125537.0,514077.0,168825.0,149339.0,405564.0,114192.0
2021-02-01,18051.0,50314.43,31070.28,79694.65,14527.99,9967.35,13940.84,12505.43,Northeast US,Total Market,USD,Extended Units,IQVIA MIDAS,153434.0,261635.0,127388.0,541924.0,180147.0,141536.0,397314.0,116300.0
2021-02-08,18625.37,48579.43,31329.82,71608.77,13253.75,10530.64,15286.0,11446.64,Northeast US,Total Market,USD,Extended Units,IQVIA MIDAS,158316.0,252613.0,128452.0,486940.0,164346.0,149535.0,435651.0,106454.0
2021-02-15,17479.69,51393.27,30259.57,87286.2,14061.91,10400.66,16147.77,13414.55,Northeast US,Total Market,USD,Extended Units,IQVIA MIDAS,148577.0,267245.0,124064.0,593546.0,174368.0,147689.0,460211.0,124755.0
2021-02-22,19133.81,52333.68,33727.44,83568.33,13677.11,10981.48,16726.78,13184.78,Northeast US,Total Market,USD,Extended Units,IQVIA MIDAS,162637.0,272135.0,138283.0,568265.0,169596.0,155937.0,476713.0,122618.0
2021-03-01,19070.43,58308.66,34288.21,89067.38,13790.68,10203.96,17691.74,13215.12,Northeast US,Total Market,USD,Extended Units,IQVIA MIDAS,162099.0,303205.0,140582.0,605658.0,171004.0,144896.0,504215.0,122901.0
2021-03-08,19722.52,56262.47,35151.58,85336.39,14386.1,10145.98,17607.26,14026.07,Northeast US,Total Market,USD,Extended Units,IQVIA MIDAS,167641.0,292565.0,144121.0,580287.0,178388.0,144073.0,501807.0,130442.0
2021-03-15,20867.19,55314.19,33952.51,91633.1,13865.67,10245.22,19109.29,13322.38,Northeast US,Total Market,USD,Extended Units,IQVIA MIDAS,177371.0,287634.0,139205.0,623105.0,171934.0,145482.0,544615.0,123898.0
2021-03-22,19626.43,54956.75,34842.19,88849.92,13829.03,10095.7,18718.73,15280.05,Northeast US,Total Market,USD,Extended Units,IQVIA MIDAS,166825.0,285775.0,142853.0,604179.0,171480.0,143359.0,533484.0,142104.0
2021-03-29,19584.82,54766.72,38052.34,91474.03,14014.21,10458.18,18853.63,14945.45,Northeast US,Total Market,USD,Extended Units,IQVIA MIDAS,166471.0,284787.0,156015.0,622023.0,173776.0,148506.0,537328.0,138993.0
2021-04-05,19804.21,58568.34,37169.58,99517.2,13234.07,9469.1,18691.85,15342.21,Northeast US,Total Market,USD,Extended Units,IQVIA MIDAS,168336.0,304555.0,152395.0,676717.0,164102.0,134461.0,532718.0,142683.0
2021-04-12,20159.29,57563.32,38437.42,94869.79,12898.67,9598.82,18884.6,15846.49,Northeast US,Total Market,USD,Extended Units,IQVIA MIDAS,171354.0,299329.0,157593.0,645115.0,159944.0,136303.0,538211.0,147372.0
2021-04-19,20982.81,56889.81,37897.29,96693.85,12676.21,9497.39,19086.98,18146.15,Northeast US,Total Market,USD,Extended Units,IQVIA MIDAS,178354.0,295827.0,155379.0,657518.0,157185.0,134863.0,543979.0,168759.0
2021-04-26,21541.54,58469.52,38060.99,98899.9,12095.91,10157.6,17836.24,17636.0,Northeast US,Total Market,USD,Extended Units,IQVIA MIDAS,183103.0,304042.0,156050.0,672519.0,149989.0,144238.0,508333.0,164015.0
2021-05-03,21711.81,57842.74,39239.22,98073.75,13876.62,10330.78,17623.81,19607.74,Northeast US,Total Market,USD,Extended Units,IQVIA MIDAS,184550.0,300782.0,160881.0,666902.0,172070.0,146697.0,502279.0,182352.0
2021-05-10,22302.76,62424.13,37376.46,97043.49,12200.03,9517.91,17451.8,18844.87,Northeast US,Total Market,USD,Extended Units,IQVIA MIDAS,189573.0,324605.0,153243.0,659896.0,151280.0,135154.0,497376.0,175257.0
2021-05-17,21846.82,60828.0,37965.95,97233.11,12455.68,9364.66,16447.07,18622.77,Northeast US,Total Market,USD,Extended Units,IQVIA MIDAS,185698.0,316306.0,155660.0,661185.0,154450.0,132978.0,468741.0,173192.0
2021-05-24,23020.26,58921.33,36996.19,102036.23,12256.17,9322.87,16350.1,19487.03,Northeast US,Total Market,USD,Extended Units,IQVIA MIDAS,195672.0,306391.0,151684.0,693846.0,151977.0,132385.0,465978.0,181229.0
2021-05-31,21815.59,60845.79,36649.56,94515.99,12361.16,9603.31,16163.42,21430.03,Northeast US,Total Market,USD,Extended Units,IQVIA MIDAS,185433.0,316398.0,150263.0,642709.0,153278.0,136367.0,460657.0,199299.0
2021-06-07,24049.57,53490.75,36325.68,87108.13,12429.67,8675.01,16594.03,20921.88,Northeast US,Total Market,USD,Extended Units,IQVIA MIDAS,204421.0,278152.0,148935.0,592335.0,154128.0,123185.0,472930.0,194573.0
2021-06-14,22482.93,51104.81,36413.99,88080.01,12278.21,8985.58,15931.86,20992.8,Northeast US,Total Market,USD,Extended Units,IQVIA MIDAS,191105.0,265745.0,149297.0,598944.0,152250.0,127595.0,454058.0,195233.0
2021-06-21,21327.3,54180.32,34891.43,86725.08,11417.45,9137.06,15638.32,21702.99,Northeast US,Total Market,USD,Extended Units,IQVIA MIDAS,181282.0,281738.0,143055.0,589731.0,141576.0,129746.0,445692.0,201838.0
2021-06-28,21070.06,51488.92,36315.31,85266.62,11456.8,8834.12,15823.55,22109.73,Northeast US,Total Market,USD,Extended Units,IQVIA MIDAS,179096.0,267742.0,148893.0,579813.0,142064.0,125445.0,450971.0,205620.0
2021-07-05,22081.2,47710.71,32859.08,81970.11,11522.26,8600.45,15111.04,22620.14,Northeast US,Total Market,USD,Extended Units,IQVIA MIDAS,187690.0,248096.0,134722.0,557397.0,142876.0,122126.0,430665.0,210367.0
2021-07-12,21383.26,47927.51,32895.5,75244.74,11128.96,8802.66,15329.36,22875.2,Northeast US,Total Market,USD,Extended Units,IQVIA MIDAS,181758.0,249223.0,134872.0,511664.0,137999.0,124998.0,436887.0,212739.0
2021-07-19,21866.83,45512.24,31701.62,80640.77,11895.73,7299.54,14997.54,21687.21,Northeast US,Total Market,USD,Extended Units,IQVIA MIDAS,185868.0,236664.0,129977.0,548357.0,147507.0,103653.0,427430.0,201691.0
2021-07-26,21447.02,43356.75,33134.44,71081.8,11251.73,8500.89,15195.95,20964.71,Northeast US,Total Market,USD,Extended Units,IQVIA MIDAS,182300.0,225455.0,135851.0,483356.0,139521.0,120713.0,433085.0,194972.0
2021-08-02,20773.34,45912.18,30664.03,72822.66,11278.24,7924.48,14704.3,21372.84,Northeast US,Total Market,USD,Extended Units,IQVIA MIDAS,176573.0,238743.0,125723.0,495194.0,139850.0,112528.0,419073.0,198767.0
2021-08-09,19907.07,46239.6,30780.09,67846.12,11172.05,7421.32,13628.04,21558.88,Northeast US,Total Market,USD,Extended Units,IQVIA MIDAS,169210.0,240446.0,126198.0,461354.0,138533.0,105383.0,388399.0,200498.0
2021-08-16,19099.54,39376.52,26752.36,67581.73,11365.49,8270.12,14949.29,20464.7,Northeast US,Total Market,USD,Extended Units,IQVIA MIDAS,162346.0,204758.0,109685.0,459556.0,140932.0,117436.0,426055.0,190322.0
2021-08-23,19561.92,41404.21,28046.17,66582.04,10858.23,8572.31,15806.83,20097.07,Northeast US,Total Market,USD,Extended Units,IQVIA MIDAS,166276.0,215302.0,114989.0,452758.0,134642.0,121727.0,450495.0,186903.0
2021-08-30,20187.7,38154.33,27978.23,64601.22,10139.22,7988.42,15430.84,20502.2,Northeast US,Total Market,USD,Extended Units,IQVIA MIDAS,171595.0,198403.0,114711.0,439288.0,125726.0,113436.0,439779.0,190670.0
2021-09-06,19368.83,37292.58,26188.86,63030.5,10965.3,8409.06,15313.92,19774.23,Northeast US,Total Market,USD,Extended Units,IQVIA MIDAS,164635.0,193921.0,107374.0,428607.0,135970.0,119409.0,436447.0,183900.0
2021-09-13,17944.85,36070.64,26682.88,64532.36,10493.81,8681.82,15274.36,19307.22,Northeast US,Total Market,USD,Extended Units,IQVIA MIDAS,152531.0,187567.0,109400.0,438820.0,130123.0,123282.0,435319.0,179557.0
2021-09-20,18656.09,34676.12,24068.74,59904.2,10606.52,8606.51,14354.4,18246.93,Northeast US,Total Market,USD,Extended Units,IQVIA MIDAS,158577.0,180316.0,98682.0,407349.0,131521.0,122212.0,409100.0,169696.0
2021-09-27,18484.23,35391.67,25889.34,56711.45,11215.53,8782.63,14108.86,18004.46,Northeast US,Total Market,USD,Extended Units,IQVIA MIDAS,157116.0,184037.0,106146.0,385638.0,139073.0,124713.0,402103.0,167441.0
2021-10-04,17230.99,33229.63,26515.25,58842.38,11621.25,8508.18,13281.79,16961.89,Northeast US,Total Market,USD,Extended Units,IQVIA MIDAS,146463.0,172794.0,108713.0,400128.0,144104.0,120816.0,378531.0,157746.0
2021-10-11,17704.17,34538.67,22835.76,58571.73,11147.52,8334.68,13069.01,17515.33,Northeast US,Total Market,USD,Extended Units,IQVIA MIDAS,150485.0,179601.0,93627.0,398288.0,138229.0,118352.0,372467.0,162893.0
2021-10-18,17362.64,33609.93,22457.97,51465.08,11412.04,7789.03,13204.65,17000.02,Northeast US,Total Market,USD,Extended Units,IQVIA MIDAS,147582.0,174772.0,92078.0,349963.0,141509.0,110604.0,376333.0,158100.0
2021-10-25,16230.72,33060.24,24644.9,55982.78,12221.57,8406.58,13142.74,14556.35,Northeast US,Total Market,USD,Extended Units,IQVIA MIDAS,137961.0,171913.0,101044.0,380683.0,151547.0,119373.0,374568.0,135374.0
2021-11-01,17129.63,31865.29,24743.67,56149.14,11672.98,8290.97,11983.12,14560.88,Northeast US,Total Market,USD,Extended Units,IQVIA MIDAS,145602.0,165700.0,101449.0,381814.0,144745.0,117732.0,341519.0,135416.0
2021-11-08,17102.76,32511.65,22189.7,53624.58,12969.11,9555.06,11466.25,13641.84,Northeast US,Total Market,USD,Extended Units,IQVIA MIDAS,145373.0,169061.0,90978.0,364647.0,160817.0,135682.0,326788.0,126869.0
2021-11-15,17349.36,35001.56,22479.97,58523.15,12162.27,8787.57,11455.55,13661.64,Northeast US,Total Market,USD,Extended Units,IQVIA MIDAS,147470.0,182008.0,92168.0,397957.0,150812.0,124783.0,326483.0,127053.0
2021-11-22,17227.16,34983.77,22922.01,55105.01,11221.34,9029.28,11615.2,13544.17,Northeast US,Total Market,USD,Extended Units,IQVIA MIDAS,146431.0,181916.0,93980.0,374714.0,139145.0,128216.0,331033.0,125961.0
2021-11-29,15368.16,33061.82,21978.19,56762.12,12606.4,9321.96,10339.56,12238.69,Northeast US,Total Market,USD,Extended Units,IQVIA MIDAS,130629.0,171921.0,90111.0,385982.0,156319.0,132372.0,294677.0,113820.0
2021-12-06,15675.73,35577.11,22978.0,57114.82,12606.09,9258.85,9866.85,12200.74,Northeast US,Total Market,USD,Extended Units,IQVIA MIDAS,133244.0,185001.0,94210.0,388381.0,156316.0,131476.0,281205.0,113467.0
2021-12-13,16775.06,37512.86,23434.81,58991.9,13217.99,10014.3,11019.24,11833.42,Northeast US,Total Market,USD,Extended Units,IQVIA MIDAS,142588.0,195067.0,96083.0,401145.0,163903.0,142203.0,314048.0,110051.0
2021-12-20,16840.19,34408.42,24373.41,57582.59,13092.73,9257.61,10890.6,12359.46,Northeast US,Total Market,USD,Extended Units,IQVIA MIDAS,143142.0,178924.0,99931.0,391562.0,162350.0,131458.0,310382.0,114943.0
2021-12-27,14960.09,34602.7,22875.95,50936.2,11314.34,8532.99,10243.37,10645.8,Northeast US,Total Market,USD,Extended Units,IQVIA MIDAS,127161.0,179934.0,93791.0,346366.0,140298.0,121168.0,291936.0,99006.0
2022-01-03,18060.26,34784.34,24701.88,62664.64,11320.51,8566.18,11251.85,10402.97,Northeast US,Total Market,USD,Extended Units,IQVIA MIDAS,153512.0,180879.0,101278.0,426120.0,140374.0,121640.0,320678.0,96748.0
2022-01-10,17319.76,41646.68,29581.14,63919.58,13126.62,9323.6,12772.66,12018.77,Northeast US,Total Market,USD,Extended Units,IQVIA MIDAS,147218.0,216563.0,121283.0,434653.0,162770.0,132395.0,364021.0,111775.0
2022-01-17,17956.25,40704.45,27292.38,65651.01,12945.55,9683.92,14528.74,11596.3,Northeast US,Total Market,USD,Extended Units,IQVIA MIDAS,152628.0,211663.0,111899.0,446427.0,160525.0,137512.0,414069.0,107846.0
2022-01-24,18072.17,40292.87,30649.0,64720.31,13185.97,9981.55,14578.21,11886.81,Northeast US,Total Market,USD,Extended Units,IQVIA MIDAS,153613.0,209523.0,125661.0,440098.0,163506.0,141738.0,415479.0,110547.0
2022-01-31,18126.6,41949.53,30074.35,70995.98,13840.33,9898.58,15291.98,13318.54,Northeast US,Total Market,USD,Extended Units,IQVIA MIDAS,154076.0,218138.0,123305.0,482773.0,171620.0,140560.0,435821.0,123862.0
2022-02-07,17713.7,46124.07,31189.43,71381.13,14433.59,9850.58,16207.86,13362.04,Northeast US,Total Market,USD,Extended Units,IQVIA MIDAS,150566.0,239845.0,127877.0,485392.0,178977.0,139878.0,461924.0,124267.0
2022-02-14,18830.8,47820.22,32985.1,81515.87,13875.66,9616.38,15889.66,11995.15,Northeast US,Total Market,USD,Extended Units,IQVIA MIDAS,160062.0,248665.0,135239.0,554308.0,172058.0,136553.0,452855.0,111555.0
2022-02-21,18034.52,47166.97,31627.05,81947.93,13145.55,10140.82,17804.93,13742.16,Northeast US,Total Market,USD,Extended Units,IQVIA MIDAS,153293.0,245268.0,129671.0,557246.0,163005.0,144000.0,507441.0,127802.0
2022-02-28,18778.65,51004.29,34324.94,79431.13,13945.06,9606.43,17736.66,14170.69,Northeast US,Total Market,USD,Extended Units,IQVIA MIDAS,159619.0,265222.0,140732.0,540132.0,172919.0,136411.0,505495.0,131787.0
2022-03-07,18947.43,48310.22,34837.13,89223.73,14296.65,10456.97,18655.18,13406.47,Northeast US,Total Market,USD,Extended Units,IQVIA MIDAS,161053.0,251213.0,142832.0,606721.0,177278.0,148489.0,531673.0,124680.0
2022-03-14,19720.03,52068.63,35958.39,87580.64,13398.88,10173.62,18023.18,15197.99,Northeast US,Total Market,USD,Extended Units,IQVIA MIDAS,167620.0,270757.0,147429.0,595548.0,166146.0,144465.0,513661.0,141341.0
2022-03-21,21720.17,51115.57,36349.91,85666.31,13575.72,9547.15,18005.77,16225.83,Northeast US,Total Market,USD,Extended Units,IQVIA MIDAS,184621.0,265801.0,149035.0,582531.0,168339.0,135570.0,513164.0,150900.0
2022-03-28,18963.45,52903.77,39596.64,81227.96,13575.49,9927.4,19523.12,15117.5,Northeast US,Total Market,USD,Extended Units,IQVIA MIDAS,161189.0,275100.0,162346.0,552350.0,168336.0,140969.0,556409.0,140593.0
2022-04-04,21176.1,54793.32,36230.94,95237.74,13101.05,9688.93,19290.26,15861.29,Northeast US,Total Market,USD,Extended Units,IQVIA MIDAS,179997.0,284925.0,148547.0,647617.0,162453.0,137583.0,549772.0,147510.0
2022-04-11,19778.38,53838.78,36735.05,86310.88,13680.67,10012.83,18460.4,17721.7,Northeast US,Total Market,USD,Extended Units,IQVIA MIDAS,168116.0,279962.0,150614.0,586914.0,169640.0,142182.0,526121.0,164812.0
2022-04-18,20902.18,55056.33,36889.15,86314.0,13187.03,10305.86,18291.11,17866.41,Northeast US,Total Market,USD,Extended Units,IQVIA MIDAS,177669.0,286293.0,151246.0,586935.0,163519.0,146343.0,521297.0,166158.0
2022-04-25,22308.91,57652.6,37134.1,93894.87,13307.79,8978.39,19176.28,18659.2,Northeast US,Total Market,USD,Extended Units,IQVIA MIDAS,189626.0,299794.0,152250.0,638485.0,165017.0,127493.0,546524.0,173531.0
2022-05-02,21770.77,55090.32,37083.89,97859.54,12529.53,9620.15,17496.62,19120.28,Northeast US,Total Market,USD,Extended Units,IQVIA MIDAS,185052.0,286470.0,152044.0,665445.0,155366.0,136606.0,498654.0,177819.0
2022-05-09,21111.06,57397.44,39289.53,94931.14,12584.64,9393.75,18757.84,19722.23,Northeast US,Total Market,USD,Extended Units,IQVIA MIDAS,179444.0,298467.0,161087.0,645532.0,156050.0,133391.0,534598.0,183417.0
2022-05-16,21527.26,53867.11,39407.86,92368.16,12972.81,9582.29,16878.39,19158.68,Northeast US,Total Market,USD,Extended Units,IQVIA MIDAS,182982.0,280109.0,161572.0,628103.0,160863.0,136069.0,481034.0,178176.0
2022-05-23,22667.97,56267.62,36662.81,91827.26,12273.39,9277.03,17364.54,21171.14,Northeast US,Total Market,USD,Extended Units,IQVIA MIDAS,192678.0,292592.0,150318.0,624425.0,152190.0,131734.0,494889.0,196892.0
2022-05-30,21692.02,57258.64,35959.33,91647.03,13104.94,8777.25,16414.12,21693.3,Northeast US,Total Market,USD,Extended Units,IQVIA MIDAS,184382.0,297745.0,147433.0,623200.0,162501.0,124637.0,467802.0,201748.0
2022-06-06,22418.08,49998.41,37099.25,90283.44,11907.79,8808.8,16598.26,21186.07,Northeast US,Total Market,USD,Extended Units,IQVIA MIDAS,190554.0,259992.0,152107.0,613927.0,147657.0,125085.0,473050.0,197030.0
2022-06-13,22274.71,51990.79,35262.42,87672.23,12033.64,8496.55,15622.4,21631.78,Northeast US,Total Market,USD,Extended Units,IQVIA MIDAS,189335.0,270352.0,144576.0,596171.0,149217.0,120651.0,445238.0,201176.0
2022-06-20,21699.84,53354.77,36081.99,85666.16,12204.71,9080.77,15587.45,20940.29,Northeast US,Total Market,USD,Extended Units,IQVIA MIDAS,184449.0,277445.0,147936.0,582530.0,151338.0,128947.0,444242.0,194745.0
2022-06-27,23668.42,50990.68,34825.71,83509.15,10915.12,8558.51,15507.59,22440.01,Northeast US,Total Market,USD,Extended Units,IQVIA MIDAS,201182.0,265152.0,142785.0,567862.0,135347.0,121531.0,441966.0,208692.0
2022-07-04,22411.23,50808.13,31908.94,79793.19,10599.58,9158.8,14761.86,22595.05,Northeast US,Total Market,USD,Extended Units,IQVIA MIDAS,190495.0,264202.0,130827.0,542594.0,131435.0,130055.0,420713.0,210134.0
2022-07-11,20266.17,47945.87,34870.64,79072.92,10573.45,8308.27,15684.06,22232.84,Northeast US,Total Market,USD,Extended Units,IQVIA MIDAS,172262.0,249319.0,142970.0,537696.0,131111.0,117977.0,446996.0,206765.0
2022-07-18,21690.45,47823.15,34302.93,73203.02,11787.04,7967.65,14910.76,22960.98,Northeast US,Total Market,USD,Extended Units,IQVIA MIDAS,184369.0,248680.0,140642.0,497781.0,146159.0,113141.0,424957.0,213537.0
2022-07-25,20818.64,46093.26,30414.27,75326.05,10807.41,7579.05,15060.28,21921.87,Northeast US,Total Market,USD,Extended Units,IQVIA MIDAS,176958.0,239685.0,124699.0,512217.0,134012.0,107623.0,429218.0,203873.0
2022-08-01,21666.83,46973.27,29778.35,70755.78,12209.21,7399.54,14616.38,22318.42,Northeast US,Total Market,USD,Extended Units,IQVIA MIDAS,184168.0,244261.0,122091.0,481139.0,151394.0,105073.0,416567.0,207561.0
2022-08-08,20153.04,44094.67,29698.73,68261.57,10638.42,7427.27,13707.18,21055.62,Northeast US,Total Market,USD,Extended Units,IQVIA MIDAS,171301.0,229292.0,121765.0,464179.0,131916.0,105467.0,390655.0,195817.0
2022-08-15,20338.25,42909.28,28857.63,69545.96,10945.93,8090.09,15066.97,21377.66,Northeast US,Total Market,USD,Extended Units,IQVIA MIDAS,172875.0,223128.0,118316.0,472913.0,135730.0,114879.0,429409.0,198812.0
2022-08-22,20465.33,40363.58,28384.71,70701.58,11566.52,8156.6,16531.06,20903.71,Northeast US,Total Market,USD,Extended Units,IQVIA MIDAS,173955.0,209891.0,116377.0,480771.0,143425.0,115824.0,471135.0,194405.0
2022-08-29,20390.5,39007.31,29225.27,67432.76,11779.53,7352.85,15497.9,20725.63,Northeast US,Total Market,USD,Extended Units,IQVIA MIDAS,173319.0,202838.0,119824.0,458543.0,146066.0,104410.0,441690.0,192748.0
2022-09-05,18514.58,37946.41,25729.1,58886.5,11817.94,8300.05,14890.58,19861.01,Northeast US,Total Market,USD,Extended Units,IQVIA MIDAS,157374.0,197321.0,105489.0,400428.0,146542.0,117861.0,424382.0,184707.0
2022-09-12,18808.09,38275.13,24237.32,58717.98,11441.6,7798.3,14550.7,19486.48,Northeast US,Total Market,USD,Extended Units,IQVIA MIDAS,159869.0,199031.0,99373.0,399282.0,141876.0,110736.0,414695.0,181224.0
2022-09-19,18361.97,35952.96,22868.79,62342.82,11407.2,8074.91,14459.2,19537.19,Northeast US,Total Market,USD,Extended Units,IQVIA MIDAS,156077.0,186955.0,93762.0,423931.0,141449.0,114664.0,412087.0,181696.0
2022-09-26,17897.8,36317.37,23107.36,55839.6,11274.26,8683.79,14451.82,18139.91,Northeast US,Total Market,USD,Extended Units,IQVIA MIDAS,152131.0,188850.0,94740.0,379709.0,139801.0,123310.0,411877.0,168701.0
2022-10-03,19370.46,38622.47,23498.02,56741.72,11456.73,8477.93,13091.66,16783.81,Northeast US,Total Market,USD,Extended Units,IQVIA MIDAS,164649.0,200837.0,96342.0,385844.0,142063.0,120387.0,373112.0,156089.0
2022-10-10,18066.1,36049.84,25387.41,57925.93,10929.54,8114.05,14031.24,18314.93,Northeast US,Total Market,USD,Extended Units,IQVIA MIDAS,153562.0,187459.0,104088.0,393896.0,135526.0,115220.0,399890.0,170329.0
2022-10-17,16559.77,33642.77,22246.48,53215.23,10928.5,7968.19,13390.94,17462.16,Northeast US,Total Market,USD,Extended Units,IQVIA MIDAS,140758.0,174942.0,91211.0,361864.0,135513.0,113148.0,381642.0,162398.0
2022-10-24,17926.53,35972.31,22999.01,55711.89,11461.03,7590.33,12985.5,15142.54,Northeast US,Total Market,USD,Extended Units,IQVIA MIDAS,152376.0,187056.0,94296.0,378841.0,142117.0,107783.0,370087.0,140826.0
2022-10-31,18603.91,33195.83,22643.74,51740.01,11534.65,8244.84,12438.96,15820.23,Northeast US,Total Market,USD,Extended Units,IQVIA MIDAS,158133.0,172618.0,92839.0,351832.0,143030.0,117077.0,354510.0,147128.0
2022-11-07,17618.65,30549.17,24190.46,53858.12,11562.5,8555.28,11855.99,14492.52,Northeast US,Total Market,USD,Extended Units,IQVIA MIDAS,149759.0,158856.0,99181.0,366235.0,143375.0,121485.0,337896.0,134780.0
2022-11-14,15588.99,32535.08,26012.33,56748.59,12285.7,8383.31,11960.01,14453.35,Northeast US,Total Market,USD,Extended Units,IQVIA MIDAS,132506.0,169182.0,106651.0,385890.0,152343.0,119043.0,340860.0,134416.0
2022-11-21,16253.39,31501.35,22489.63,52305.78,12586.55,8835.22,11722.35,13985.82,Northeast US,Total Market,USD,Extended Units,IQVIA MIDAS,138154.0,163807.0,92207.0,355679.0,156073.0,125460.0,334087.0,130068.0
2022-11-28,17488.9,34623.74,22912.89,58691.15,12349.64,9042.8,11083.34,13210.0,Northeast US,Total Market,USD,Extended Units,IQVIA MIDAS,148656.0,180043.0,93943.0,399100.0,153136.0,128408.0,315875.0,122853.0
2022-12-05,16009.59,35961.57,25283.85,58632.9,13195.65,9056.6,10977.82,12477.1,Northeast US,Total Market,USD,Extended Units,IQVIA MIDAS,136082.0,187000.0,103664.0,398704.0,163626.0,128604.0,312868.0,116037.0
2022-12-12,16886.11,39599.54,25394.45,61563.64,12115.09,9021.54,11510.89,12217.3,Northeast US,Total Market,USD,Extended Units,IQVIA MIDAS,143532.0,205918.0,104117.0,418633.0,150227.0,128106.0,328060.0,113621.0
2022-12-19,17197.6,38308.84,27480.92,62283.27,12741.7,9455.3,12612.87,11820.04,Northeast US,Total Market,USD,Extended Units,IQVIA MIDAS,146180.0,199206.0,112672.0,423526.0,157997.0,134265.0,359467.0,109926.0
2022-12-26,14038.59,33816.46,23521.32,59503.64,11094.69,8535.18,9924.63,10224.72,Northeast US,Total Market,USD,Extended Units,IQVIA MIDAS,119328.0,175846.0,96437.0,404625.0,137574.0,121200.0,282852.0,95090.0
2023-01-02,15317.02,37817.91,23836.28,59847.8,11072.9,8337.93,10599.58,10981.38,Northeast US,Total Market,USD,Extended Units,IQVIA MIDAS,130195.0,196653.0,97729.0,406965.0,137304.0,118399.0,302088.0,102127.0
2023-01-09,14667.41,37570.49,28244.03,66308.69,13254.63,10254.7,13261.21,11622.23,Northeast US,Total Market,USD,Extended Units,IQVIA MIDAS,124673.0,195367.0,115801.0,450899.0,164357.0,145617.0,377944.0,108087.0
2023-01-16,16528.68,42998.56,29753.57,69945.92,13363.36,9771.26,13852.4,12557.95,Northeast US,Total Market,USD,Extended Units,IQVIA MIDAS,140494.0,223593.0,121990.0,475632.0,165706.0,138752.0,394793.0,116789.0
2023-01-23,17352.57,45255.58,30289.5,73299.04,14259.64,9894.23,14632.8,13189.4,Northeast US,Total Market,USD,Extended Units,IQVIA MIDAS,147497.0,235329.0,124187.0,498433.0,176820.0,140498.0,417035.0,122661.0
2023-01-30,16897.21,42854.98,30807.52,74232.94,13929.64,10221.54,15409.99,12055.89,Northeast US,Total Market,USD,Extended Units,IQVIA MIDAS,143626.0,222846.0,126311.0,504784.0,172728.0,145146.0,439185.0,112120.0
2023-02-06,19333.97,48639.74,32407.39,76471.4,13209.83,10092.43,15875.56,12840.66,Northeast US,Total Market,USD,Extended Units,IQVIA MIDAS,164339.0,252927.0,132870.0,520006.0,163802.0,143313.0,452453.0,119418.0
2023-02-13,17393.02,48646.96,33427.4,76710.91,14645.85,10402.66,17579.33,13334.66,Northeast US,Total Market,USD,Extended Units,IQVIA MIDAS,147841.0,252964.0,137052.0,521634.0,181609.0,147718.0,501011.0,124012.0
2023-02-20,18466.27,48701.83,34557.61,78982.19,14375.51,10170.94,16445.22,13706.76,Northeast US,Total Market,USD,Extended Units,IQVIA MIDAS,156963.0,253250.0,141686.0,537079.0,178256.0,144427.0,468689.0,127473.0
2023-02-27,19239.56,51725.85,34475.22,79071.9,14080.94,9834.84,17477.3,13899.96,Northeast US,Total Market,USD,Extended Units,IQVIA MIDAS,163536.0,268974.0,141348.0,537689.0,174604.0,139655.0,498103.0,129270.0
2023-03-06,20565.54,55664.58,34239.41,89467.58,13683.38,10194.95,18388.44,14823.74,Northeast US,Total Market,USD,Extended Units,IQVIA MIDAS,174807.0,289456.0,140382.0,608380.0,169674.0,144768.0,524071.0,137861.0
2023-03-13,18792.78,53249.0,35341.75,83240.58,13300.72,9597.37,17877.58,15197.41,Northeast US,Total Market,USD,Extended Units,IQVIA MIDAS,159739.0,276895.0,144901.0,566036.0,164929.0,136283.0,509511.0,141336.0
2023-03-20,21067.37,54344.9,37296.04,86334.26,13530.79,10032.39,18993.3,14672.5,Northeast US,Total Market,USD,Extended Units,IQVIA MIDAS,179073.0,282593.0,152914.0,587073.0,167782.0,142460.0,541309.0,136454.0
2023-03-27,20555.43,54017.13,35344.7,87681.37,14160.07,9922.98,20202.12,16623.86,Northeast US,Total Market,USD,Extended Units,IQVIA MIDAS,174721.0,280889.0,144913.0,596233.0,175585.0,140906.0,575760.0,154602.0
2023-04-03,20147.76,54086.19,37282.01,93198.51,14450.97,9787.1,19273.97,17256.93,Northeast US,Total Market,USD,Extended Units,IQVIA MIDAS,171256.0,281248.0,152856.0,633750.0,179192.0,138977.0,549308.0,160489.0
2023-04-10,21522.54,57487.59,36706.86,90963.82,14178.25,9735.03,19306.4,16831.5,Northeast US,Total Market,USD,Extended Units,IQVIA MIDAS,182942.0,298935.0,150498.0,618554.0,175810.0,138237.0,550232.0,156533.0
2023-04-17,21610.25,55078.41,37497.16,95799.49,13077.8,8974.73,18251.71,17975.56,Northeast US,Total Market,USD,Extended Units,IQVIA MIDAS,183687.0,286408.0,153738.0,651437.0,162165.0,127441.0,520174.0,167173.0
2023-04-24,21272.93,56900.06,39206.96,91088.89,12635.66,9376.9,18350.39,19011.1,Northeast US,Total Market,USD,Extended Units,IQVIA MIDAS,180820.0,295880.0,160749.0,619404.0,156682.0,133152.0,522986.0,176803.0
2023-05-01,21991.01,56076.04,37909.71,93810.7,13089.03,9507.41,18149.83,19044.5,Northeast US,Total Market,USD,Extended Units,IQVIA MIDAS,186924.0,291595.0,155430.0,637913.0,162304.0,135005.0,517270.0,177114.0
2023-05-08,21841.42,57615.97,37671.53,90722.01,12010.83,9412.34,17797.95,20443.28,Northeast US,Total Market,USD,Extended Units,IQVIA MIDAS,185652.0,299603.0,154453.0,616910.0,148934.0,133655.0,507242.0,190123.0
2023-05-15,22359.97,57139.81,35759.88,98337.76,12845.38,8835.03,18317.18,21812.63,Northeast US,Total Market,USD,Extended Units,IQVIA MIDAS,190060.0,297127.0,146616.0,668697.0,159283.0,125457.0,522040.0,202857.0
2023-05-22,22875.46,57928.97,38097.01,88769.91,12444.8,9576.76,17486.73,20297.08,Northeast US,Total Market,USD,Extended Units,IQVIA MIDAS,194441.0,301231.0,156198.0,603635.0,154316.0,135990.0,498372.0,188763.0
2023-05-29,23627.19,54780.21,37594.97,91892.29,12114.7,8635.05,16125.17,20366.54,Northeast US,Total Market,USD,Extended Units,IQVIA MIDAS,200831.0,284857.0,154139.0,624868.0,150222.0,122618.0,459567.0,189409.0
2023-06-05,21563.18,54487.39,39002.76,91628.36,11395.66,9201.06,16552.9,21838.55,Northeast US,Total Market,USD,Extended Units,IQVIA MIDAS,183287.0,283334.0,159911.0,623073.0,141306.0,130655.0,471758.0,203099.0
2023-06-12,24040.48,52463.06,35374.17,89682.0,12232.93,8865.41,16385.36,22437.31,Northeast US,Total Market,USD,Extended Units,IQVIA MIDAS,204344.0,272808.0,145034.0,609838.0,151688.0,125889.0,466983.0,208667.0
2023-06-19,20957.9,52402.69,35380.98,86514.97,11561.12,8331.73,16498.98,22092.05,Northeast US,Total Market,USD,Extended Units,IQVIA MIDAS,178142.0,272494.0,145062.0,588302.0,143358.0,118311.0,470221.0,205456.0
2023-06-26,22188.96,52713.91,34699.23,84920.49,11093.3,9131.74,16554.41,23363.28,Northeast US,Total Market,USD,Extended Units,IQVIA MIDAS,188606.0,274112.0,142267.0,577459.0,137557.0,129671.0,471801.0,217279.0
2023-07-03,22595.44,52187.67,35564.58,83486.74,10124.22,7890.7,14906.78,21696.16,Northeast US,Total Market,USD,Extended Units,IQVIA MIDAS,192061.0,271376.0,145815.0,567710.0,125540.0,112048.0,424843.0,201774.0
2023-07-10,22188.86,48124.61,32658.07,80948.31,11350.0,8589.66,14935.58,23040.59,Northeast US,Total Market,USD,Extended Units,IQVIA MIDAS,188605.0,250248.0,133898.0,550449.0,140740.0,121973.0,425664.0,214277.0
2023-07-17,21305.68,49833.01,32251.18,81800.32,12088.48,8527.14,14630.04,22177.58,Northeast US,Total Market,USD,Extended Units,IQVIA MIDAS,181098.0,259132.0,132230.0,556242.0,149897.0,121085.0,416956.0,206251.0
2023-07-24,21365.88,49307.22,31761.86,82949.39,11925.94,7810.38,15207.96,23558.39,Northeast US,Total Market,USD,Extended Units,IQVIA MIDAS,181610.0,256398.0,130224.0,564056.0,147882.0,110907.0,433427.0,219093.0
2023-07-31,20880.0,46361.17,30329.3,73304.72,10817.63,8525.57,15614.39,23551.9,Northeast US,Total Market,USD,Extended Units,IQVIA MIDAS,177480.0,241078.0,124350.0,498472.0,134139.0,121063.0,445010.0,219033.0
2023-08-07,20509.19,47455.71,28634.34,68899.72,10675.6,7846.51,15916.76,21533.45,Northeast US,Total Market,USD,Extended Units,IQVIA MIDAS,174328.0,246770.0,117401.0,468518.0,132377.0,111420.0,453628.0,200261.0
2023-08-14,21254.5,41658.14,28532.02,70137.47,11137.49,8010.99,15284.3,21352.24,Northeast US,Total Market,USD,Extended Units,IQVIA MIDAS,180663.0,216622.0,116981.0,476935.0,138105.0,113756.0,435603.0,198576.0
2023-08-21,20555.14,39561.63,28752.51,75154.69,10402.05,7975.18,15096.33,21871.08,Northeast US,Total Market,USD,Extended Units,IQVIA MIDAS,174719.0,205720.0,117885.0,511052.0,128985.0,113248.0,430245.0,203401.0
2023-08-28,19432.97,37417.31,25317.26,64049.51,11016.38,7815.72,15280.04,20632.92,Northeast US,Total Market,USD,Extended Units,IQVIA MIDAS,165180.0,194570.0,103801.0,435537.0,136603.0,110983.0,435481.0,191886.0
2023-09-04,20260.9,41748.61,25975.09,68683.96,11251.1,8181.01,14565.14,20360.58,Northeast US,Total Market,USD,Extended Units,IQVIA MIDAS,172218.0,217093.0,106498.0,467051.0,139514.0,116170.0,415106.0,189353.0
2023-09-11,19471.94,39258.36,24224.58,67028.99,11505.65,8196.1,16060.88,19871.27,Northeast US,Total Market,USD,Extended Units,IQVIA MIDAS,165511.0,204143.0,99321.0,455797.0,142670.0,116385.0,457735.0,184803.0
2023-09-18,19500.44,37099.43,25929.97,59470.75,10922.98,7266.97,13656.92,18056.08,Northeast US,Total Market,USD,Extended Units,IQVIA MIDAS,165754.0,192917.0,106313.0,404401.0,135445.0,103191.0,389222.0,167922.0
2023-09-25,19029.35,36821.29,21996.93,61104.41,10947.86,8478.49,14381.72,18678.1,Northeast US,Total Market,USD,Extended Units,IQVIA MIDAS,161749.0,191471.0,90187.0,415510.0,135753.0,120395.0,409879.0,173706.0
2023-10-02,17629.56,33755.13,22720.52,62792.95,10717.92,7416.34,15086.73,17629.22,Northeast US,Total Market,USD,Extended Units,IQVIA MIDAS,149851.0,175527.0,93154.0,426992.0,132902.0,105312.0,429972.0,163952.0
2023-10-09,17527.89,39197.26,23506.38,56503.57,10854.0,8518.53,13521.47,17129.2,Northeast US,Total Market,USD,Extended Units,IQVIA MIDAS,148987.0,203826.0,96376.0,384224.0,134590.0,120963.0,385362.0,159302.0
2023-10-16,18219.09,34903.75,24707.5,56320.13,11269.96,8644.05,12994.32,17742.53,Northeast US,Total Market,USD,Extended Units,IQVIA MIDAS,154862.0,181500.0,101301.0,382977.0,139748.0,122746.0,370338.0,165006.0
2023-10-23,17869.78,34630.65,22518.79,54918.32,11697.14,7901.38,12486.1,15397.1,Northeast US,Total Market,USD,Extended Units,IQVIA MIDAS,151893.0,180079.0,92327.0,373445.0,145045.0,112200.0,355854.0,143193.0
2023-10-30,17186.7,35592.09,21854.75,53640.85,12113.78,8268.72,12200.65,16122.32,Northeast US,Total Market,USD,Extended Units,IQVIA MIDAS,146087.0,185079.0,89604.0,364758.0,150211.0,117416.0,347719.0,149938.0
2023-11-06,17108.3,35273.91,24928.29,54777.46,11454.27,8120.74,12758.11,14850.69,Northeast US,Total Market,USD,Extended Units,IQVIA MIDAS,145421.0,183424.0,102206.0,372487.0,142033.0,115315.0,363606.0,138111.0
2023-11-13,17824.21,35100.95,20961.32,53666.74,12728.53,8580.81,10401.38,14312.73,Northeast US,Total Market,USD,Extended Units,IQVIA MIDAS,151506.0,182525.0,85941.0,364934.0,157834.0,121848.0,296439.0,133108.0
2023-11-20,16338.34,33818.32,20297.87,57734.19,12059.36,8670.67,12381.09,14503.3,Northeast US,Total Market,USD,Extended Units,IQVIA MIDAS,138876.0,175855.0,83221.0,392592.0,149536.0,123124.0,352861.0,134881.0
2023-11-27,17119.99,36516.51,23939.89,56532.26,12359.34,9211.07,10574.47,13771.2,Northeast US,Total Market,USD,Extended Units,IQVIA MIDAS,145520.0,189886.0,98154.0,384419.0,153256.0,130797.0,301372.0,128072.0
2023-12-04,16547.18,39612.82,23238.51,60418.94,12191.07,9539.74,11267.73,13531.87,Northeast US,Total Market,USD,Extended Units,IQVIA MIDAS,140651.0,205987.0,95278.0,410849.0,151169.0,135464.0,321130.0,125846.0
2023-12-11,16560.35,39576.02,23151.54,57045.99,11563.66,9697.26,11316.1,13462.18,Northeast US,Total Market,USD,Extended Units,IQVIA MIDAS,140763.0,205795.0,94921.0,387913.0,143389.0,137701.0,322509.0,125198.0
2023-12-18,17601.84,40982.74,25934.89,63732.51,13324.05,9074.58,12171.63,12373.95,Northeast US,Total Market,USD,Extended Units,IQVIA MIDAS,149616.0,213110.0,106333.0,433381.0,165218.0,128859.0,346891.0,115078.0
2023-12-25,15480.89,33820.4,22977.85,59133.81,11850.43,8195.95,9821.62,10520.92,Northeast US,Total Market,USD,Extended Units,IQVIA MIDAS,131588.0,175866.0,94209.0,402110.0,146945.0,116382.0,279916.0,97845.0
